Frame Name,Person ID
frame1.jpg,1
frame2.jpg,1
frame3.jpg,1
frame4.jpg,1
frame5.jpg,1
frame6.jpg,1
frame7.jpg,1
frame8.jpg,1
frame9.jpg,1
frame10.jpg,1
frame11.jpg,1
frame12.jpg,1
frame13.jpg,1
frame14.jpg,1
frame15.jpg,1
frame16.jpg,1
frame17.jpg,1
frame18.jpg,1
frame19.jpg,1
frame20.jpg,1
frame21.jpg,1
frame22.jpg,1
frame23.jpg,1
frame24.jpg,1
frame25.jpg,1
frame26.jpg,1
frame27.jpg,1
frame28.jpg,1
frame29.jpg,1
frame30.jpg,1
frame31.jpg,1
frame32.jpg,1
frame33.jpg,1
frame34.jpg,1
frame35.jpg,1
frame36.jpg,1
frame37.jpg,1
frame38.jpg,1
frame39.jpg,1
frame40.jpg,1
frame41.jpg,1
frame42.jpg,1
frame43.jpg,1
frame44.jpg,1
frame45.jpg,1
frame46.jpg,1
frame47.jpg,1
frame48.jpg,1
frame49.jpg,1
frame50.jpg,1
frame51.jpg,1
frame52.jpg,1
frame52.jpg,2
frame53.jpg,1
frame53.jpg,2
frame54.jpg,1
frame54.jpg,2
frame55.jpg,1
frame55.jpg,2
frame56.jpg,1
frame57.jpg,1
frame58.jpg,1
frame58.jpg,2
frame59.jpg,1
frame59.jpg,2
frame60.jpg,1
frame60.jpg,2
frame61.jpg,1
frame61.jpg,2
frame62.jpg,1
frame62.jpg,2
frame63.jpg,1
frame63.jpg,2
frame64.jpg,1
frame64.jpg,2
frame65.jpg,1
frame65.jpg,2
frame66.jpg,1
frame66.jpg,2
frame67.jpg,1
frame67.jpg,2
frame68.jpg,1
frame68.jpg,2
frame69.jpg,1
frame69.jpg,2
frame70.jpg,1
frame70.jpg,2
frame71.jpg,1
frame71.jpg,2
frame72.jpg,1
frame72.jpg,2
frame73.jpg,1
frame73.jpg,2
frame74.jpg,1
frame75.jpg,1
frame76.jpg,1
frame76.jpg,2
frame77.jpg,1
frame77.jpg,2
frame78.jpg,1
frame78.jpg,2
frame79.jpg,1
frame79.jpg,2
frame80.jpg,1
frame80.jpg,2
frame81.jpg,1
frame81.jpg,2
frame82.jpg,1
frame82.jpg,2
frame83.jpg,1
frame83.jpg,2
frame84.jpg,1
frame84.jpg,2
frame85.jpg,1
frame85.jpg,2
frame86.jpg,1
frame86.jpg,2
frame87.jpg,1
frame87.jpg,2
frame88.jpg,1
frame88.jpg,2
frame89.jpg,1
frame89.jpg,2
frame90.jpg,1
frame90.jpg,2
frame91.jpg,1
frame91.jpg,2
frame92.jpg,1
frame92.jpg,2
frame93.jpg,1
frame93.jpg,2
frame94.jpg,1
frame94.jpg,2
frame95.jpg,1
frame95.jpg,2
frame96.jpg,1
frame96.jpg,2
frame97.jpg,1
frame97.jpg,2
frame98.jpg,1
frame98.jpg,2
frame99.jpg,1
frame99.jpg,2
frame100.jpg,1
frame100.jpg,2
frame101.jpg,1
frame101.jpg,2
frame102.jpg,1
frame102.jpg,2
frame103.jpg,1
frame103.jpg,2
frame104.jpg,1
frame104.jpg,2
frame105.jpg,1
frame105.jpg,2
frame106.jpg,1
frame106.jpg,2
frame107.jpg,1
frame107.jpg,2
frame108.jpg,1
frame108.jpg,2
frame109.jpg,1
frame109.jpg,2
frame110.jpg,1
frame110.jpg,2
frame111.jpg,1
frame111.jpg,2
frame112.jpg,1
frame112.jpg,2
frame113.jpg,1
frame113.jpg,2
frame114.jpg,1
frame114.jpg,2
frame115.jpg,1
frame115.jpg,2
frame116.jpg,1
frame116.jpg,2
frame117.jpg,1
frame117.jpg,2
frame118.jpg,1
frame118.jpg,2
frame119.jpg,1
frame119.jpg,2
frame120.jpg,1
frame120.jpg,2
frame121.jpg,1
frame121.jpg,2
frame122.jpg,1
frame122.jpg,2
frame123.jpg,1
frame123.jpg,2
frame124.jpg,1
frame124.jpg,2
frame125.jpg,1
frame125.jpg,2
frame126.jpg,1
frame126.jpg,2
frame127.jpg,1
frame127.jpg,2
frame128.jpg,1
frame128.jpg,2
frame129.jpg,1
frame129.jpg,2
frame130.jpg,1
frame130.jpg,2
frame131.jpg,1
frame131.jpg,2
frame132.jpg,1
frame132.jpg,2
frame133.jpg,1
frame133.jpg,2
frame134.jpg,1
frame134.jpg,2
frame135.jpg,1
frame135.jpg,2
frame136.jpg,1
frame136.jpg,2
frame137.jpg,1
frame137.jpg,2
frame138.jpg,1
frame139.jpg,1
frame140.jpg,1
frame141.jpg,1
frame142.jpg,1
frame143.jpg,1
frame144.jpg,1
frame145.jpg,1
frame146.jpg,1
frame147.jpg,1
frame148.jpg,1
frame149.jpg,1
frame150.jpg,1
frame151.jpg,1
frame152.jpg,1
frame153.jpg,1
frame154.jpg,1
frame155.jpg,1
frame155.jpg,2
frame156.jpg,1
frame156.jpg,2
frame157.jpg,1
frame157.jpg,2
frame158.jpg,1
frame158.jpg,2
frame159.jpg,1
frame159.jpg,2
frame160.jpg,1
frame160.jpg,2
frame161.jpg,1
frame161.jpg,2
frame162.jpg,1
frame162.jpg,2
frame163.jpg,1
frame164.jpg,1
frame165.jpg,1
frame166.jpg,1
frame166.jpg,2
frame167.jpg,1
frame167.jpg,2
frame168.jpg,1
frame168.jpg,2
frame169.jpg,1
frame169.jpg,2
frame170.jpg,1
frame170.jpg,2
frame171.jpg,1
frame171.jpg,2
frame172.jpg,1
frame172.jpg,2
frame173.jpg,1
frame173.jpg,2
frame174.jpg,1
frame174.jpg,2
frame175.jpg,1
frame175.jpg,2
frame176.jpg,1
frame176.jpg,2
frame177.jpg,1
frame177.jpg,2
frame178.jpg,1
frame178.jpg,2
frame179.jpg,1
frame179.jpg,2
frame180.jpg,1
frame180.jpg,2
frame181.jpg,1
frame181.jpg,2
frame182.jpg,1
frame182.jpg,2
frame183.jpg,1
frame183.jpg,2
frame184.jpg,1
frame184.jpg,2
frame185.jpg,1
frame185.jpg,2
frame186.jpg,1
frame187.jpg,1
frame188.jpg,1
frame189.jpg,1
frame190.jpg,1
frame191.jpg,1
frame192.jpg,1
frame193.jpg,1
frame194.jpg,1
frame195.jpg,1
frame196.jpg,1
frame197.jpg,1
frame198.jpg,1
frame199.jpg,1
frame199.jpg,2
frame200.jpg,1
frame201.jpg,1
frame202.jpg,1
frame203.jpg,1
frame204.jpg,1
frame205.jpg,1
frame206.jpg,1
frame207.jpg,1
frame208.jpg,1
frame209.jpg,1
frame210.jpg,1
frame211.jpg,1
frame212.jpg,1
frame213.jpg,1
frame214.jpg,1
frame215.jpg,1
frame216.jpg,1
frame217.jpg,1
frame218.jpg,1
frame219.jpg,1
frame220.jpg,1
frame221.jpg,1
frame222.jpg,1
frame223.jpg,1
frame224.jpg,1
frame225.jpg,1
frame226.jpg,1
frame227.jpg,1
frame228.jpg,1
frame229.jpg,1
frame230.jpg,1
frame231.jpg,1
frame232.jpg,1
frame233.jpg,1
frame234.jpg,1
frame235.jpg,1
frame236.jpg,1
frame237.jpg,1
frame238.jpg,1
frame239.jpg,1
frame240.jpg,1
frame241.jpg,1
frame242.jpg,1
frame243.jpg,1
frame244.jpg,1
frame245.jpg,1
frame246.jpg,1
frame247.jpg,1
frame248.jpg,1
frame249.jpg,1
frame250.jpg,1
frame251.jpg,1
frame252.jpg,1
frame253.jpg,1
frame254.jpg,1
frame255.jpg,1
frame256.jpg,1
frame257.jpg,1
frame258.jpg,1
frame259.jpg,1
frame260.jpg,1
frame261.jpg,1
frame262.jpg,1
frame263.jpg,1
frame264.jpg,1
frame265.jpg,1
frame266.jpg,1
frame267.jpg,1
frame268.jpg,1
frame269.jpg,1
frame270.jpg,1
frame271.jpg,1
frame272.jpg,1
frame273.jpg,1
frame274.jpg,1
frame275.jpg,1
frame276.jpg,1
frame277.jpg,1
frame278.jpg,1
frame279.jpg,1
frame280.jpg,1
frame281.jpg,1
frame282.jpg,1
frame283.jpg,1
frame284.jpg,1
frame285.jpg,1
frame286.jpg,1
frame287.jpg,1
frame288.jpg,1
frame289.jpg,1
frame290.jpg,1
frame291.jpg,1
frame292.jpg,1
frame293.jpg,1
frame294.jpg,1
frame295.jpg,1
frame296.jpg,1
frame296.jpg,2
frame297.jpg,1
frame297.jpg,2
frame298.jpg,1
frame299.jpg,1
frame300.jpg,1
frame301.jpg,1
frame301.jpg,2
frame302.jpg,1
frame303.jpg,1
frame304.jpg,1
frame305.jpg,1
frame306.jpg,1
frame307.jpg,1
frame308.jpg,1
frame309.jpg,1
frame310.jpg,1
frame311.jpg,1
frame312.jpg,1
frame313.jpg,1
frame314.jpg,1
frame315.jpg,1
frame316.jpg,1
frame317.jpg,1
frame318.jpg,1
frame319.jpg,1
frame320.jpg,1
frame321.jpg,1
frame322.jpg,1
frame323.jpg,1
frame323.jpg,2
frame324.jpg,1
frame324.jpg,2
frame325.jpg,1
frame326.jpg,1
frame326.jpg,2
frame327.jpg,1
frame327.jpg,2
frame328.jpg,1
frame328.jpg,2
frame329.jpg,1
frame329.jpg,2
frame330.jpg,1
frame330.jpg,2
frame331.jpg,1
frame331.jpg,2
frame332.jpg,1
frame332.jpg,2
frame333.jpg,1
frame333.jpg,2
frame334.jpg,1
frame334.jpg,2
frame335.jpg,1
frame335.jpg,2
frame336.jpg,1
frame336.jpg,2
frame337.jpg,1
frame337.jpg,2
frame338.jpg,1
frame338.jpg,2
frame339.jpg,1
frame339.jpg,2
frame340.jpg,1
frame340.jpg,2
frame341.jpg,1
frame341.jpg,2
frame342.jpg,1
frame342.jpg,2
frame343.jpg,1
frame343.jpg,2
frame344.jpg,1
frame344.jpg,2
frame345.jpg,1
frame345.jpg,2
frame346.jpg,1
frame346.jpg,2
frame347.jpg,1
frame347.jpg,2
frame348.jpg,1
frame348.jpg,2
frame349.jpg,1
frame349.jpg,2
frame350.jpg,1
frame350.jpg,2
frame351.jpg,1
frame351.jpg,2
frame352.jpg,1
frame352.jpg,2
frame353.jpg,1
frame353.jpg,2
frame354.jpg,1
frame355.jpg,1
frame356.jpg,1
frame357.jpg,1
frame358.jpg,1
frame359.jpg,1
frame360.jpg,1
frame361.jpg,1
frame362.jpg,1
frame363.jpg,1
frame364.jpg,1
frame365.jpg,1
frame366.jpg,1
frame367.jpg,1
frame368.jpg,1
frame369.jpg,1
frame370.jpg,1
frame371.jpg,1
frame372.jpg,1
frame373.jpg,1
frame374.jpg,1
frame375.jpg,1
frame376.jpg,1
frame377.jpg,1
frame378.jpg,1
frame379.jpg,1
frame380.jpg,1
frame381.jpg,1
frame382.jpg,1
frame383.jpg,1
frame384.jpg,1
frame385.jpg,1
frame386.jpg,1
frame387.jpg,1
frame388.jpg,1
frame389.jpg,1
frame390.jpg,1
frame391.jpg,1
frame392.jpg,1
frame393.jpg,1
frame394.jpg,1
frame395.jpg,1
frame396.jpg,1
frame397.jpg,1
frame398.jpg,1
frame399.jpg,1
frame400.jpg,1
frame401.jpg,1
frame402.jpg,1
frame403.jpg,1
frame404.jpg,1
frame405.jpg,1
frame406.jpg,1
frame407.jpg,1
frame408.jpg,1
frame409.jpg,1
frame410.jpg,1
frame411.jpg,1
frame412.jpg,1
frame413.jpg,1
frame414.jpg,1
frame415.jpg,1
frame416.jpg,1
frame417.jpg,1
frame418.jpg,1
frame419.jpg,1
frame420.jpg,1
frame421.jpg,1
frame422.jpg,1
frame423.jpg,1
frame424.jpg,1
